<?xml version="1.0" encoding="UTF-8"?>
<project-private xmlns="http://www.netbeans.org/ns/project-private/1">
    <editor-bookmarks xmlns="http://www.netbeans.org/ns/editor-bookmarks/2" lastBookmarkId="0"/>
    <open-files xmlns="http://www.netbeans.org/ns/projectui-open-files/2">
        <group>
            <file>file:/M:/Documents/NetBeansProjects/My%20Workshop/src/WorkShop/BikeTools.java</file>
            <file>file:/M:/Documents/NetBeansProjects/My%20Workshop/src/WorkShop/PowerTools.java</file>
            <file>file:/M:/Documents/NetBeansProjects/My%20Workshop/src/WorkShop/Sprays.java</file>
            <file>file:/M:/Documents/NetBeansProjects/My%20Workshop/src/WorkShop/Tool.java</file>
            <file>file:/M:/Documents/NetBeansProjects/My%20Workshop/src/WorkShop/GeneralPurpose.java</file>
            <file>file:/M:/Documents/NetBeansProjects/My%20Workshop/src/WorkShop/ToolShop.java</file>
        </group>
    </open-files>
</project-private>
